id,source,medium,service,lifecycle,final_sale_value_raw,final_sale_value,quoted_value,created_at
478325384,Google Ads,Paid Ads,Paint Protection Film (PPF),Hot Lead,,0.0,7348.0,1782734267
478292679,Meta Ads,Paid Ads,Tinting,New Lead,,0.0,0.0,1782729397
478275914,Meta Ads,Paid Ads,Tinting,,,0.0,0.0,1782726685
478274194,Google Ads,Paid Ads,Paint Protection Film (PPF),Hot Lead,,0.0,7999.0,1782726433
478238600,Meta Ads,Paid Ads,Tinting,New Lead,,0.0,0.0,1782722452
478175910,Meta Ads,Paid Ads,Tinting,Quotation,,0.0,0.0,1782716311
478173062,Meta Ads,Paid Ads,Tinting,New Lead,,0.0,0.0,1782715680
478154644,Meta Ads,Paid Ads,Tinting,New Lead,,0.0,0.0,1782711864
477954458,Meta Ads,Paid Ads,Tinting,New Lead,,0.0,0.0,1782672986
477865072,Google Ads,Paid Ads,Paint Protection Film (PPF),New Lead,,0.0,0.0,1782659549
477725776,Meta Ads,Paid Ads,Tinting,New Lead,,0.0,0.0,1782647184
477702991,Meta Ads,Paid Ads,Tinting,New Lead,,0.0,0.0,1782643365
477589833,Meta Ads,Paid Ads,Tinting,New Lead,,0.0,0.0,1782630283
477569151,Meta Ads,Paid Ads,Tinting,New Lead,,0.0,0.0,1782628774
477551476,Meta Ads,Paid Ads,Tinting,New Lead,,0.0,0.0,1782624804
477547160,Meta Ads,Paid Ads,Tinting,New Lead,,0.0,0.0,1782623799
477535388,Meta Ads,Paid Ads,Tinting,New Lead,,0.0,0.0,1782620901
477420352,Meta Ads,Paid Ads,Tinting,New Lead,,0.0,0.0,1782598410
477413550,Meta Ads,Paid Ads,Tinting,New Lead,,0.0,0.0,1782597235
477319777,Meta Ads,Paid Ads,Tinting,Quotation,,0.0,0.0,1782581674
477172542,Meta Ads,Paid Ads,Tinting,New Lead,,0.0,0.0,1782563788
477137437,Meta Ads,Paid Ads,Tinting,New Lead,,0.0,0.0,1782559270
477087944,Meta Ads,Paid Ads,Tinting,New Lead,,0.0,0.0,1782549826
477086939,Meta Ads,Paid Ads,Tinting,New Lead,,0.0,0.0,1782549662
477077756,Meta Ads,Paid Ads,Tinting,New Lead,,0.0,0.0,1782547626
477060815,Meta Ads,Paid Ads,Tinting,New Lead,,0.0,0.0,1782543583
477053570,Meta Ads,Paid Ads,Tinting,New Lead,,0.0,0.0,1782541826
477049196,Meta Ads,Paid Ads,Tinting,New Lead,,0.0,0.0,1782540702
476993867,Meta Ads,Paid Ads,Tinting,New Lead,,0.0,0.0,1782526827
476964004,Meta Ads,Paid Ads,Tinting,New Lead,,0.0,0.0,1782520064
476944306,Meta Ads,Paid Ads,Tinting,New Lead,,0.0,0.0,1782515605
476770873,Meta Ads,Paid Ads,Tinting,New Lead,,0.0,0.0,1782502325
476755746,Meta Ads,Paid Ads,Tinting,New Lead,,0.0,0.0,1782500922
476739554,Meta Ads,Paid Ads,Tinting,New Lead,,0.0,0.0,1782498604
476730891,Meta Ads,Paid Ads,Tinting,Quotation,,0.0,0.0,1782497667
476596073,Meta Ads,Paid Ads,Tinting,New Lead,,0.0,0.0,1782480395
476442142,Meta Ads,Paid Ads,Tinting,New Lead,,0.0,499.0,1782459159
476018040,Meta Ads,Paid Ads,Tinting,New Lead,,0.0,0.0,1782409744
475904974,Meta Ads,Paid Ads,Tinting,New Lead,,0.0,0.0,1782403818
475765192,Meta Ads,Paid Ads,Tinting,New Lead,,0.0,0.0,1782392123
475499935,Meta Ads,Paid Ads,Tinting,New Lead,,0.0,0.0,1782368589
475325403,Meta Ads,Paid Ads,Tinting,New Lead,,0.0,0.0,1782334356
475279245,Meta Ads,Paid Ads,Tinting,New Lead,,0.0,0.0,1782328554
475267876,Meta Ads,Paid Ads,Tinting,New Lead,,0.0,0.0,1782327362
475256503,Meta Ads,Paid Ads,Tinting,New Lead,,0.0,0.0,1782325694
475241457,Meta Ads,Paid Ads,Tinting,New Lead,,0.0,0.0,1782323617
475197211,Meta Ads,Paid Ads,Tinting,New Lead,,0.0,0.0,1782318769
475166026,Meta Ads,Paid Ads,Tinting,New Lead,,0.0,0.0,1782315524
475123851,Meta Ads,Paid Ads,Tinting,Quotation,,0.0,0.0,1782312869
474866752,Meta Ads,Paid Ads,Tinting,New Lead,,0.0,0.0,1782300266
474850312,Meta Ads,Paid Ads,Tinting,New Lead,,0.0,0.0,1782298585
474783603,Meta Ads,Paid Ads,Tinting,New Lead,,0.0,0.0,1782291360
474768851,Meta Ads,Paid Ads,Tinting,New Lead,,0.0,0.0,1782290028
474755393,Meta Ads,Paid Ads,Tinting,Quotation,,0.0,13000.0,1782288746
474750088,Google Ads,Paid Ads,Paint Protection Film (PPF),Lost,,0.0,14000.0,1782287762
474738859,Meta Ads,Paid Ads,Tinting,New Lead,,0.0,0.0,1782285699
474705484,Meta Ads,Paid Ads,Tinting,New Lead,,0.0,0.0,1782279886
474697182,Meta Ads,Paid Ads,Tinting,New Lead,,0.0,0.0,1782277978
474677711,Meta Ads,Paid Ads,Tinting,New Lead,,0.0,0.0,1782273692
474554498,Meta Ads,Paid Ads,Tinting,New Lead,,0.0,0.0,1782249973
474548970,Meta Ads,Paid Ads,Tinting,Lost,,0.0,0.0,1782249096
474548623,Meta Ads,Paid Ads,Tinting,New Lead,,0.0,0.0,1782249031
474506411,Meta Ads,Paid Ads,Tinting,New Lead,,0.0,0.0,1782245398
474491314,Meta Ads,Paid Ads,Tinting,New Lead,,0.0,0.0,1782243932
474327081,Meta Ads,Paid Ads,Tinting,New Lead,,0.0,0.0,1782228328
474310056,Google Ads,Paid Ads,Paint Protection Film (PPF),New Lead,,0.0,0.0,1782226494
474242932,Meta Ads,Paid Ads,Tinting,New Lead,,0.0,0.0,1782219949
474159033,Meta Ads,Paid Ads,Tinting,Quotation,,0.0,0.0,1782211424
474157595,Meta Ads,Paid Ads,Tinting,New Lead,,0.0,0.0,1782211136
474110270,Google Ads,Paid Ads,Paint Protection Film (PPF),New Lead,,0.0,0.0,1782206390
473820198,Meta Ads,Paid Ads,Tinting,New Lead,,0.0,0.0,1782160322
473742665,Meta Ads,Paid Ads,Tinting,New Lead,,0.0,0.0,1782150931
473732121,Meta Ads,Paid Ads,Tinting,New Lead,,0.0,0.0,1782149664
473713294,Meta Ads,Paid Ads,Tinting,New Lead,,0.0,0.0,1782147414
473695972,Meta Ads,Paid Ads,Tinting,New Lead,,0.0,0.0,1782145958
473629074,Meta Ads,Paid Ads,Tinting,New Lead,,0.0,0.0,1782142485
473462124,Meta Ads,Paid Ads,Express Wash,New Lead,,0.0,0.0,1782131984
473453355,Meta Ads,Paid Ads,Express Wash,Hot Lead,,0.0,0.0,1782130746
473445774,Google Ads,Paid Ads,Paint Protection Film (PPF),New Lead,,0.0,0.0,1782129593
473412725,Meta Ads,Paid Ads,Express Wash,New Lead,,0.0,0.0,1782124580
473407302,Meta Ads,Paid Ads,Express Wash,New Lead,,0.0,0.0,1782124061
473400366,Meta Ads,Paid Ads,Express Wash,New Lead,,0.0,0.0,1782123192
473396321,Meta Ads,Paid Ads,Tinting,New Lead,,0.0,0.0,1782122443
473356536,Meta Ads,Paid Ads,Tinting,Lost,,0.0,0.0,1782117509
473355889,Meta Ads,Paid Ads,Express Wash,New Lead,,0.0,0.0,1782117415
473343300,Meta Ads,Paid Ads,Express Wash,New Lead,,0.0,0.0,1782116325
473337526,Meta Ads,Paid Ads,Express Wash,New Lead,,0.0,0.0,1782115609
473334470,Meta Ads,Paid Ads,Express Wash,New Lead,,0.0,0.0,1782114996
473332355,Meta Ads,Paid Ads,Express Wash,New Lead,,0.0,0.0,1782114552
473332134,Meta Ads,Paid Ads,Express Wash,New Lead,,0.0,0.0,1782114506
473314424,Meta Ads,Paid Ads,Express Wash,New Lead,,0.0,0.0,1782111700
473310037,Meta Ads,Paid Ads,Express Wash,New Lead,,0.0,0.0,1782110773
473299998,Meta Ads,Paid Ads,Express Wash,New Lead,,0.0,0.0,1782108662
473294653,Meta Ads,Paid Ads,Express Wash,New Lead,,0.0,0.0,1782107719
473287503,Meta Ads,Paid Ads,Express Wash,New Lead,,0.0,0.0,1782106050
473280891,Meta Ads,Paid Ads,Tinting,New Lead,,0.0,0.0,1782104533
473279035,Meta Ads,Paid Ads,Express Wash,New Lead,,0.0,0.0,1782104073
473275331,Meta Ads,Paid Ads,Tinting,New Lead,,0.0,0.0,1782103189
473265014,Meta Ads,Paid Ads,Express Wash,New Lead,,0.0,0.0,1782100800
473255069,Meta Ads,Paid Ads,Express Wash,New Lead,,0.0,0.0,1782098571
473207273,Meta Ads,Paid Ads,Express Wash,New Lead,,0.0,0.0,1782090977
473149154,Meta Ads,Paid Ads,Express Wash,New Lead,,0.0,0.0,1782077007
473137903,Meta Ads,Paid Ads,Express Wash,Cold Lead,,0.0,0.0,1782074560
473132495,Meta Ads,Paid Ads,Express Wash,New Lead,,0.0,0.0,1782073842
473108564,Meta Ads,Paid Ads,Express Wash,Hot Lead,,0.0,0.0,1782069107
473108134,Meta Ads,Paid Ads,Tinting,New Lead,,0.0,0.0,1782069022
473107497,Meta Ads,Paid Ads,Express Wash,New Lead,,0.0,0.0,1782068904
473107250,Meta Ads,Paid Ads,Express Wash,New Lead,,0.0,0.0,1782068852
473056980,Meta Ads,Paid Ads,Tinting,New Lead,,0.0,0.0,1782060444
473048919,Meta Ads,Paid Ads,Express Wash,New Lead,,0.0,0.0,1782058930
473043539,Meta Ads,Paid Ads,Tinting,New Lead,,0.0,0.0,1782057909
473037639,Meta Ads,Paid Ads,Express Wash,New Lead,,0.0,0.0,1782056850
473013109,Google Ads,Paid Ads,Paint Protection Film (PPF),Cold Lead,,0.0,0.0,1782053506
473007333,Meta Ads,Paid Ads,Express Wash,New Lead,,0.0,0.0,1782052601
473005762,Meta Ads,Paid Ads,Tinting,New Lead,,0.0,0.0,1782052451
473003583,Google Ads,Paid Ads,Paint Protection Film (PPF),Cold Lead,,0.0,6499.0,1782052093
473003490,Meta Ads,Paid Ads,Express Wash,New Lead,,0.0,0.0,1782052082
473000458,Meta Ads,Paid Ads,Express Wash,New Lead,,0.0,0.0,1782051572
472985568,Meta Ads,Paid Ads,Express Wash,New Lead,,0.0,0.0,1782049760
472967079,Meta Ads,Paid Ads,Express Wash,New Lead,,0.0,0.0,1782047639
472939363,Meta Ads,Paid Ads,Express Wash,New Lead,,0.0,0.0,1782047117
472923613,Meta Ads,Paid Ads,Express Wash,New Lead,,0.0,0.0,1782046038
472914652,Meta Ads,Paid Ads,Express Wash,Hot Lead,,0.0,0.0,1782045572
472913684,Meta Ads,Paid Ads,Tinting,New Lead,,0.0,0.0,1782045393
472909296,Meta Ads,Paid Ads,Tinting,New Lead,,0.0,0.0,1782044639
472902403,Google Ads,Paid Ads,Paint Protection Film (PPF),,,0.0,0.0,1782043400
472900923,Meta Ads,Paid Ads,Express Wash,New Lead,,0.0,0.0,1782043122
472883944,Meta Ads,Paid Ads,Express Wash,New Lead,,0.0,0.0,1782041623
472876584,Meta Ads,Paid Ads,Express Wash,New Lead,,0.0,0.0,1782040139
472875926,Meta Ads,Paid Ads,Express Wash,New Lead,,0.0,0.0,1782040002
472874001,Meta Ads,Paid Ads,Tinting,New Lead,,0.0,0.0,1782039601
472872375,Meta Ads,Paid Ads,Express Wash,New Lead,,0.0,0.0,1782039250
472870468,Meta Ads,Paid Ads,Tinting,New Lead,,0.0,0.0,1782038839
472827474,Meta Ads,Paid Ads,Express Wash,New Lead,,0.0,0.0,1782036055
472822807,Meta Ads,Paid Ads,Express Wash,New Lead,,0.0,0.0,1782035596
472812854,Meta Ads,Paid Ads,Express Wash,New Lead,,0.0,0.0,1782034053
472773173,Meta Ads,Paid Ads,Express Wash,New Lead,,0.0,0.0,1782024798
472768699,Meta Ads,Paid Ads,Express Wash,New Lead,,0.0,0.0,1782024176
472765685,Meta Ads,Paid Ads,Tinting,New Lead,,0.0,0.0,1782023471
472760366,Meta Ads,Paid Ads,Express Wash,New Lead,,0.0,0.0,1782022154
472758043,Meta Ads,Paid Ads,Express Wash,New Lead,,0.0,0.0,1782021596
472751479,Meta Ads,Paid Ads,Express Wash,New Lead,,0.0,0.0,1782019857
472749955,Meta Ads,Paid Ads,Express Wash,New Lead,,0.0,0.0,1782019442
472692288,Meta Ads,Paid Ads,Express Wash,New Lead,,0.0,0.0,1782017210
472685160,Meta Ads,Paid Ads,Express Wash,New Lead,,0.0,0.0,1782015343
472680003,Meta Ads,Paid Ads,Express Wash,New Lead,,0.0,0.0,1782013967
472675392,Meta Ads,Paid Ads,Express Wash,New Lead,,0.0,0.0,1782012729
472671034,Meta Ads,Paid Ads,Express Wash,New Lead,,0.0,0.0,1782012007
472652632,Meta Ads,Paid Ads,Tinting,New Lead,,0.0,0.0,1782007227
472620190,Meta Ads,Paid Ads,Tinting,New Lead,,0.0,0.0,1781998934
472610526,Meta Ads,Paid Ads,Tinting,New Lead,,0.0,0.0,1781996647
472558174,Meta Ads,Paid Ads,Tinting,New Lead,,0.0,0.0,1781986342
472533209,Meta Ads,Paid Ads,Express Wash,New Lead,,0.0,0.0,1781982338
472528139,Meta Ads,Paid Ads,Express Wash,New Lead,,0.0,0.0,1781981909
472522791,Meta Ads,Paid Ads,Express Wash,New Lead,,0.0,0.0,1781980918
472520289,Meta Ads,Paid Ads,Express Wash,New Lead,,0.0,0.0,1781980529
472513526,Meta Ads,Paid Ads,Express Wash,New Lead,,0.0,0.0,1781979721
472512527,Meta Ads,Paid Ads,Express Wash,New Lead,,0.0,0.0,1781979536
472503389,Meta Ads,Paid Ads,Tinting,New Lead,,0.0,0.0,1781978014
472498359,Meta Ads,Paid Ads,Tinting,Quotation,,0.0,0.0,1781977169
472492036,Meta Ads,Paid Ads,Express Wash,New Lead,,0.0,0.0,1781976147
472488662,Meta Ads,Paid Ads,Express Wash,New Lead,,0.0,0.0,1781975595
472469345,Meta Ads,Paid Ads,Express Wash,New Lead,,0.0,0.0,1781972644
472459909,Meta Ads,Paid Ads,Express Wash,New Lead,,0.0,0.0,1781971212
472448773,Meta Ads,Paid Ads,Express Wash,New Lead,,0.0,0.0,1781969595
472389087,Meta Ads,Paid Ads,Express Wash,New Lead,,0.0,0.0,1781961511
472373361,Meta Ads,Paid Ads,Tinting,New Lead,,0.0,0.0,1781958935
472361587,Meta Ads,Paid Ads,Express Wash,New Lead,,0.0,0.0,1781956965
472355005,Meta Ads,Paid Ads,Express Wash,New Lead,,0.0,0.0,1781955763
472344805,Meta Ads,Paid Ads,Tinting,New Lead,,0.0,0.0,1781953920
472338322,Meta Ads,Paid Ads,Express Wash,New Lead,,0.0,0.0,1781952666
472327022,Meta Ads,Paid Ads,Tinting,New Lead,,0.0,0.0,1781950420
472281433,Meta Ads,Paid Ads,Tinting,New Lead,,0.0,0.0,1781948626
472275427,Meta Ads,Paid Ads,Express Wash,New Lead,,0.0,0.0,1781947990
472271181,Meta Ads,Paid Ads,Tinting,New Lead,,0.0,0.0,1781947603
472255800,Meta Ads,Paid Ads,Tinting,New Lead,,0.0,0.0,1781944706
472252486,Meta Ads,Paid Ads,Express Wash,New Lead,,0.0,0.0,1781943990
472249587,Meta Ads,Paid Ads,Tinting,New Lead,,0.0,0.0,1781943402
472249441,Meta Ads,Paid Ads,Express Wash,New Lead,,0.0,0.0,1781943373
472249334,Meta Ads,Paid Ads,Tinting,New Lead,,0.0,0.0,1781943355
472240794,Meta Ads,Paid Ads,Express Wash,New Lead,,0.0,0.0,1781941521
472231636,Meta Ads,Paid Ads,Express Wash,New Lead,,0.0,0.0,1781939980
472223647,Meta Ads,Paid Ads,Tinting,New Lead,,0.0,0.0,1781938088
472223579,Meta Ads,Paid Ads,Tinting,New Lead,,0.0,0.0,1781938070
472220236,Meta Ads,Paid Ads,Tinting,New Lead,,0.0,0.0,1781937322
472203432,Meta Ads,Paid Ads,Tinting,New Lead,,0.0,0.0,1781933747
472197332,Meta Ads,Paid Ads,Tinting,New Lead,,0.0,0.0,1781932441
472191817,Meta Ads,Paid Ads,Tinting,New Lead,,0.0,0.0,1781931107
472191357,Meta Ads,Paid Ads,Express Wash,New Lead,,0.0,0.0,1781930994
472190306,Meta Ads,Paid Ads,Tinting,New Lead,,0.0,0.0,1781930717
472188542,Meta Ads,Paid Ads,Tinting,New Lead,,0.0,0.0,1781930300
472171910,Meta Ads,Paid Ads,Express Wash,New Lead,,0.0,0.0,1781926154
472145626,Meta Ads,Paid Ads,Tinting,New Lead,,0.0,0.0,1781920257
472003439,Meta Ads,Paid Ads,Express Wash,New Lead,,0.0,0.0,1781906204
471954112,Meta Ads,Paid Ads,Express Wash,New Lead,,0.0,0.0,1781901175
471951874,Meta Ads,Paid Ads,Express Wash,New Lead,,0.0,0.0,1781900894
471806642,Meta Ads,Paid Ads,Express Wash,New Lead,,0.0,0.0,1781897108
471805659,Meta Ads,Paid Ads,Tinting,Quotation,,0.0,0.0,1781896949
471787390,Meta Ads,Paid Ads,Express Wash,New Lead,,0.0,0.0,1781894842
471786318,Meta Ads,Paid Ads,Tinting,New Lead,,0.0,0.0,1781894665
471779544,Meta Ads,Paid Ads,Express Wash,New Lead,,0.0,0.0,1781893588
471774589,Meta Ads,Paid Ads,Express Wash,New Lead,,0.0,0.0,1781892872
471770068,Meta Ads,Paid Ads,Express Wash,New Lead,,0.0,0.0,1781892163
471759002,Meta Ads,Paid Ads,Express Wash,New Lead,,0.0,0.0,1781890445
471758050,Meta Ads,Paid Ads,Tinting,New Lead,,0.0,0.0,1781890300
471757411,Meta Ads,Paid Ads,Tinting,New Lead,,0.0,0.0,1781890196
471742955,Meta Ads,Paid Ads,Express Wash,New Lead,,0.0,0.0,1781888528
471736589,Meta Ads,Paid Ads,Express Wash,New Lead,,0.0,0.0,1781887744
471729321,Meta Ads,Paid Ads,Tinting,New Lead,,0.0,0.0,1781886848
471724974,Meta Ads,Paid Ads,Tinting,New Lead,,0.0,0.0,1781886273
471721584,Meta Ads,Paid Ads,Tinting,New Lead,,0.0,0.0,1781885811
471709035,Meta Ads,Paid Ads,Express Wash,New Lead,,0.0,0.0,1781884363
471704364,Meta Ads,Paid Ads,Express Wash,New Lead,,0.0,0.0,1781884045
471697212,Meta Ads,Paid Ads,Express Wash,New Lead,,0.0,0.0,1781883155
471692326,Meta Ads,Paid Ads,Express Wash,New Lead,,0.0,0.0,1781882542
471688176,Meta Ads,Paid Ads,Express Wash,New Lead,,0.0,0.0,1781882042
471687756,Meta Ads,Paid Ads,Express Wash,New Lead,,0.0,0.0,1781881988
471675470,Meta Ads,Paid Ads,Tinting,New Lead,,0.0,0.0,1781880432
471669024,Meta Ads,Paid Ads,Express Wash,New Lead,,0.0,0.0,1781879663
471658524,Meta Ads,Paid Ads,Express Wash,New Lead,,0.0,0.0,1781878316
471644657,Meta Ads,Paid Ads,Express Wash,New Lead,,0.0,0.0,1781876667
471644253,Meta Ads,Paid Ads,Tinting,New Lead,,0.0,0.0,1781876618
471634534,Meta Ads,Paid Ads,Tinting,New Lead,,0.0,0.0,1781875405
471634074,Meta Ads,Paid Ads,Express Wash,New Lead,,0.0,0.0,1781875337
471628874,Meta Ads,Paid Ads,Express Wash,New Lead,,0.0,0.0,1781874606
471628543,Meta Ads,Paid Ads,Express Wash,New Lead,,0.0,0.0,1781874560
471625698,Meta Ads,Paid Ads,Express Wash,New Lead,,0.0,0.0,1781874177
471612455,Meta Ads,Paid Ads,Tinting,New Lead,,0.0,0.0,1781872777
471580156,Meta Ads,Paid Ads,Express Wash,New Lead,,0.0,0.0,1781868403
471569120,Meta Ads,Paid Ads,Tinting,New Lead,,0.0,0.0,1781866735
471569007,Meta Ads,Paid Ads,Tinting,New Lead,,0.0,0.0,1781866709
471565965,Meta Ads,Paid Ads,Express Wash,New Lead,,0.0,0.0,1781866137
471550854,Google Ads,Paid Ads,Paint Protection Film (PPF),New Lead,,0.0,0.0,1781863391
471546718,Meta Ads,Paid Ads,Express Wash,New Lead,,0.0,0.0,1781862616
471546111,Meta Ads,Paid Ads,Express Wash,New Lead,,0.0,0.0,1781862503
471544562,Meta Ads,Paid Ads,Express Wash,Hot Lead,,0.0,0.0,1781862191
471543645,Meta Ads,Paid Ads,Tinting,New Lead,,0.0,0.0,1781862003
471541209,Meta Ads,Paid Ads,Tinting,New Lead,,0.0,0.0,1781861503
471541062,Meta Ads,Paid Ads,Express Wash,New Lead,,0.0,0.0,1781861474
471536879,Meta Ads,Paid Ads,Express Wash,New Lead,,0.0,0.0,1781861077
471536500,Meta Ads,Paid Ads,Express Wash,New Lead,,0.0,0.0,1781860999
471513615,Meta Ads,Paid Ads,Express Wash,New Lead,,0.0,0.0,1781858446
471510298,Meta Ads,Paid Ads,Express Wash,New Lead,,0.0,0.0,1781858016
471498390,Meta Ads,Paid Ads,Tinting,New Lead,,0.0,0.0,1781855797
471488679,Meta Ads,Paid Ads,Express Wash,New Lead,,0.0,0.0,1781853808
471479306,Meta Ads,Paid Ads,Express Wash,New Lead,,0.0,0.0,1781852402
471468855,Meta Ads,Paid Ads,Express Wash,New Lead,,0.0,0.0,1781850053
471468679,Meta Ads,Paid Ads,Express Wash,New Lead,,0.0,0.0,1781850008
471458655,Meta Ads,Paid Ads,Express Wash,New Lead,,0.0,0.0,1781848292
471449473,Meta Ads,Paid Ads,Express Wash,New Lead,,0.0,0.0,1781846106
471441219,Meta Ads,Paid Ads,Tinting,,,0.0,0.0,1781844173
471419829,Meta Ads,Paid Ads,Express Wash,New Lead,,0.0,0.0,1781839432
471419760,Meta Ads,Paid Ads,Express Wash,New Lead,,0.0,0.0,1781839416
471403545,Meta Ads,Paid Ads,Express Wash,New Lead,,0.0,0.0,1781837133
471401763,Meta Ads,Paid Ads,Express Wash,New Lead,,0.0,0.0,1781836873
471395561,Meta Ads,Paid Ads,Tinting,New Lead,,0.0,0.0,1781836091
471375914,Meta Ads,Paid Ads,Express Wash,New Lead,,0.0,0.0,1781834051
471366885,Meta Ads,Paid Ads,Express Wash,New Lead,,0.0,0.0,1781832973
471364817,Meta Ads,Paid Ads,Tinting,New Lead,,0.0,0.0,1781832705
471358886,Meta Ads,Paid Ads,Express Wash,New Lead,,0.0,0.0,1781832028
471358723,Meta Ads,Paid Ads,Express Wash,New Lead,,0.0,0.0,1781832007
471180812,Meta Ads,Paid Ads,Express Wash,New Lead,,0.0,0.0,1781815858
471160519,Meta Ads,Paid Ads,Tinting,New Lead,,0.0,0.0,1781812947
471134941,Meta Ads,Paid Ads,Tinting,New Lead,,0.0,0.0,1781809840
471132119,Meta Ads,Paid Ads,Express Wash,New Lead,,0.0,0.0,1781809411
471124300,Meta Ads,Paid Ads,Express Wash,New Lead,,0.0,0.0,1781808229
471115066,Meta Ads,Paid Ads,Tinting,New Lead,,0.0,0.0,1781807066
471081177,Meta Ads,Paid Ads,Express Wash,New Lead,,0.0,0.0,1781804030
471058166,Meta Ads,Paid Ads,Express Wash,New Lead,,0.0,0.0,1781802428
471052872,Meta Ads,Paid Ads,Tinting,Cold Lead,,0.0,0.0,1781802030
471045630,Meta Ads,Paid Ads,Express Wash,New Lead,,0.0,0.0,1781801215
471044857,Meta Ads,Paid Ads,Express Wash,New Lead,,0.0,0.0,1781801132
471010671,Meta Ads,Paid Ads,Express Wash,New Lead,,0.0,0.0,1781797440
470975627,Meta Ads,Paid Ads,Tinting,,,0.0,0.0,1781793425
470975094,Meta Ads,Paid Ads,Tinting,New Lead,,0.0,0.0,1781793357
470945236,Meta Ads,Paid Ads,Express Wash,New Lead,,0.0,0.0,1781790769
470940681,Meta Ads,Paid Ads,Express Wash,New Lead,,0.0,0.0,1781790207
470934466,Meta Ads,Paid Ads,Express Wash,New Lead,,0.0,0.0,1781789558
470928208,Meta Ads,Paid Ads,Express Wash,New Lead,,0.0,0.0,1781788780
470891964,Meta Ads,Paid Ads,Express Wash,New Lead,,0.0,0.0,1781785207
470882879,Meta Ads,Paid Ads,Express Wash,Hot Lead,,0.0,0.0,1781783922
470879316,Meta Ads,Paid Ads,Express Wash,New Lead,,0.0,0.0,1781783406
470878395,Meta Ads,Paid Ads,Express Wash,New Lead,,0.0,0.0,1781783267
470797881,Meta Ads,Paid Ads,Express Wash,New Lead,,0.0,0.0,1781779816
470762863,Meta Ads,Paid Ads,Express Wash,New Lead,,0.0,0.0,1781776113
470748895,Meta Ads,Paid Ads,Express Wash,New Lead,,0.0,0.0,1781773973
470735616,Meta Ads,Paid Ads,Tinting,New Lead,,0.0,0.0,1781771866
470722168,Meta Ads,Paid Ads,Express Wash,New Lead,,0.0,0.0,1781771356
470686371,Meta Ads,Paid Ads,Express Wash,New Lead,,0.0,0.0,1781765453
470684698,Meta Ads,Paid Ads,Express Wash,New Lead,,0.0,0.0,1781765313
470678115,Meta Ads,Paid Ads,Express Wash,New Lead,,0.0,0.0,1781764337
470674257,Meta Ads,Paid Ads,Tinting,New Lead,,0.0,0.0,1781763855
470671005,Meta Ads,Paid Ads,Tinting,New Lead,,0.0,0.0,1781763367
470666737,Meta Ads,Paid Ads,Express Wash,New Lead,,0.0,0.0,1781762496
470657112,Meta Ads,Paid Ads,Express Wash,New Lead,,0.0,0.0,1781760341
470655280,Meta Ads,Paid Ads,Express Wash,New Lead,,0.0,0.0,1781759924
470645237,Meta Ads,Paid Ads,Tinting,New Lead,,0.0,0.0,1781757686
470644297,Meta Ads,Paid Ads,Express Wash,New Lead,,0.0,0.0,1781757484
470640428,Meta Ads,Paid Ads,Express Wash,New Lead,,0.0,0.0,1781756683
470635979,Meta Ads,Paid Ads,Express Wash,New Lead,,0.0,0.0,1781755687
470621708,Meta Ads,Paid Ads,Express Wash,New Lead,,0.0,0.0,1781752475
470620076,Meta Ads,Paid Ads,Express Wash,New Lead,,0.0,0.0,1781752114
470615084,Meta Ads,Paid Ads,Tinting,New Lead,,0.0,0.0,1781751031
470613002,Meta Ads,Paid Ads,Express Wash,New Lead,,0.0,0.0,1781750641
470612146,Meta Ads,Paid Ads,Express Wash,New Lead,,0.0,0.0,1781750447
470609402,Meta Ads,Paid Ads,Express Wash,New Lead,,0.0,0.0,1781749849
470608904,Meta Ads,Paid Ads,Express Wash,New Lead,,0.0,0.0,1781749740
470602722,Meta Ads,Paid Ads,Tinting,New Lead,,0.0,0.0,1781748674
470602293,Meta Ads,Paid Ads,Express Wash,New Lead,,0.0,0.0,1781748603
470600160,Meta Ads,Paid Ads,Express Wash,New Lead,,0.0,0.0,1781748192
470599291,Meta Ads,Paid Ads,Express Wash,New Lead,,0.0,0.0,1781747998
470598557,Meta Ads,Paid Ads,Express Wash,New Lead,,0.0,0.0,1781747840
470595968,Meta Ads,Paid Ads,Express Wash,Hot Lead,,0.0,0.0,1781747285
470593249,Meta Ads,Paid Ads,Express Wash,New Lead,,0.0,0.0,1781746676
470582813,Meta Ads,Paid Ads,Tinting,New Lead,,0.0,0.0,1781744538
470576587,Meta Ads,Paid Ads,Tinting,New Lead,,0.0,0.0,1781743120
470573691,Meta Ads,Paid Ads,Express Wash,New Lead,,0.0,0.0,1781742441
470550599,Meta Ads,Paid Ads,Express Wash,New Lead,,0.0,0.0,1781737726
470530164,Meta Ads,Paid Ads,Express Wash,New Lead,,0.0,0.0,1781734458
470516266,Meta Ads,Paid Ads,Express Wash,New Lead,,0.0,0.0,1781732011
470513881,Meta Ads,Paid Ads,Express Wash,New Lead,,0.0,0.0,1781731795
470493991,Meta Ads,Paid Ads,Express Wash,Hot Lead,,0.0,0.0,1781729881
470459846,Meta Ads,Paid Ads,Express Wash,New Lead,,0.0,0.0,1781726404
470446330,Meta Ads,Paid Ads,Express Wash,New Lead,,0.0,0.0,1781724503
470438002,Meta Ads,Paid Ads,Tinting,New Lead,,0.0,0.0,1781723586
470435418,Meta Ads,Paid Ads,Tinting,New Lead,,0.0,0.0,1781723187
470433763,Meta Ads,Paid Ads,Express Wash,New Lead,,0.0,0.0,1781722946
470421428,Meta Ads,Paid Ads,Tinting,New Lead,,0.0,0.0,1781722010
470419486,Meta Ads,Paid Ads,Express Wash,New Lead,,0.0,0.0,1781721698
470402071,Meta Ads,Paid Ads,Express Wash,New Lead,,0.0,0.0,1781719095
470390305,Meta Ads,Paid Ads,Express Wash,New Lead,,0.0,0.0,1781717498
470388082,Meta Ads,Paid Ads,Tinting,New Lead,,0.0,0.0,1781717398
470373626,Meta Ads,Paid Ads,Tinting,New Lead,,0.0,0.0,1781716499
470368934,Meta Ads,Paid Ads,Express Wash,Hot Lead,,0.0,0.0,1781715816
470329693,Meta Ads,Paid Ads,Express Wash,Hot Lead,,0.0,0.0,1781711900
470245305,Meta Ads,Paid Ads,Express Wash,New Lead,,0.0,0.0,1781709106
470228552,Meta Ads,Paid Ads,Express Wash,Hot Lead,,0.0,0.0,1781708319
470225326,Meta Ads,Paid Ads,Express Wash,New Lead,,0.0,0.0,1781707934
470172887,Meta Ads,Paid Ads,Express Wash,New Lead,,0.0,0.0,1781705818
470171256,Meta Ads,Paid Ads,Express Wash,New Lead,,0.0,0.0,1781705802
470159043,Meta Ads,Paid Ads,Express Wash,New Lead,,0.0,0.0,1781704964
470153807,Meta Ads,Paid Ads,Tinting,Lost,,0.0,0.0,1781704351
470079464,Meta Ads,Paid Ads,Express Wash,New Lead,,0.0,0.0,1781699025
470033938,Meta Ads,Paid Ads,Express Wash,New Lead,,0.0,0.0,1781696393
470022071,Meta Ads,Paid Ads,Express Wash,New Lead,,0.0,0.0,1781695570
470010899,Meta Ads,Paid Ads,Express Wash,New Lead,,0.0,0.0,1781695211
469982144,Meta Ads,Paid Ads,Express Wash,New Lead,,0.0,0.0,1781692528
469973033,Meta Ads,Paid Ads,Express Wash,New Lead,,0.0,0.0,1781691114
469877510,Meta Ads,Paid Ads,Express Wash,New Lead,,0.0,0.0,1781685432
469875198,Meta Ads,Paid Ads,Express Wash,New Lead,,0.0,0.0,1781684960
469871878,Meta Ads,Paid Ads,Express Wash,New Lead,,0.0,0.0,1781684269
469866759,Meta Ads,Paid Ads,Express Wash,New Lead,,0.0,0.0,1781683361
469861134,Meta Ads,Paid Ads,Express Wash,New Lead,,0.0,0.0,1781682242
469855028,Meta Ads,Paid Ads,Express Wash,New Lead,,0.0,0.0,1781681337
469837812,Meta Ads,Paid Ads,Express Wash,New Lead,,0.0,0.0,1781678221
469809395,Meta Ads,Paid Ads,Express Wash,New Lead,,0.0,0.0,1781672112
469807816,Meta Ads,Paid Ads,Express Wash,New Lead,,0.0,0.0,1781671787
469804916,Meta Ads,Paid Ads,Express Wash,New Lead,,0.0,0.0,1781671073
469798153,Meta Ads,Paid Ads,Express Wash,New Lead,,0.0,0.0,1781669482
469794879,Meta Ads,Paid Ads,Express Wash,New Lead,,0.0,0.0,1781668700
469789616,Meta Ads,Paid Ads,Express Wash,New Lead,,0.0,0.0,1781667828
469785587,Meta Ads,Paid Ads,Express Wash,New Lead,,0.0,0.0,1781667161
469780245,Meta Ads,Paid Ads,Express Wash,New Lead,,0.0,0.0,1781665938
469779216,Meta Ads,Paid Ads,Express Wash,New Lead,,0.0,0.0,1781665710
469778607,Meta Ads,Paid Ads,Express Wash,New Lead,,0.0,0.0,1781665578
469775064,Meta Ads,Paid Ads,Express Wash,New Lead,,0.0,0.0,1781664771
469770306,Meta Ads,Paid Ads,Express Wash,New Lead,,0.0,0.0,1781663909
469735835,Meta Ads,Paid Ads,Express Wash,New Lead,,0.0,0.0,1781657238
469727437,Meta Ads,Paid Ads,Express Wash,New Lead,,0.0,0.0,1781655631
469701662,Meta Ads,Paid Ads,Express Wash,New Lead,,0.0,0.0,1781650849
469686810,Meta Ads,Paid Ads,Express Wash,New Lead,,0.0,0.0,1781648668
469678705,Meta Ads,Paid Ads,Express Wash,New Lead,,0.0,0.0,1781647128
469660213,Meta Ads,Paid Ads,Express Wash,New Lead,,0.0,0.0,1781643649
469656656,Meta Ads,Paid Ads,Express Wash,New Lead,,0.0,0.0,1781643021
469619553,Meta Ads,Paid Ads,Express Wash,New Lead,,0.0,0.0,1781641244
469599084,Meta Ads,Paid Ads,Express Wash,New Lead,,0.0,0.0,1781638307
469593908,Meta Ads,Paid Ads,Express Wash,New Lead,,0.0,0.0,1781637471
469591298,Meta Ads,Paid Ads,Express Wash,New Lead,,0.0,0.0,1781637119
469590616,Meta Ads,Paid Ads,Express Wash,New Lead,,0.0,0.0,1781637002
469589095,Meta Ads,Paid Ads,Express Wash,New Lead,,0.0,0.0,1781636759
469584216,Meta Ads,Paid Ads,Express Wash,New Lead,,0.0,0.0,1781636119
469580010,Meta Ads,Paid Ads,Express Wash,New Lead,,0.0,0.0,1781635535
469544214,Meta Ads,Paid Ads,Express Wash,New Lead,,0.0,0.0,1781631493
469542029,Meta Ads,Paid Ads,Express Wash,New Lead,,0.0,0.0,1781631188
469537522,Meta Ads,Paid Ads,Express Wash,New Lead,,0.0,0.0,1781630603
469527205,Meta Ads,Paid Ads,Express Wash,New Lead,,0.0,0.0,1781629272
469520314,Meta Ads,Paid Ads,Express Wash,New Lead,,0.0,0.0,1781628389
469519106,Meta Ads,Paid Ads,Express Wash,New Lead,,0.0,0.0,1781628235
469513011,Meta Ads,Paid Ads,Express Wash,New Lead,,0.0,0.0,1781627440
469505867,Meta Ads,Paid Ads,Express Wash,New Lead,,0.0,0.0,1781626523
469496194,Meta Ads,Paid Ads,Express Wash,New Lead,,0.0,0.0,1781625435
469482952,Meta Ads,Paid Ads,Express Wash,New Lead,,0.0,0.0,1781623946
469482950,Meta Ads,Paid Ads,Express Wash,New Lead,,0.0,0.0,1781623946
469479258,Meta Ads,Paid Ads,Express Wash,New Lead,,0.0,0.0,1781623491
469422206,Meta Ads,Paid Ads,Express Wash,New Lead,,0.0,0.0,1781617788
469372925,Meta Ads,Paid Ads,Express Wash,New Lead,,0.0,0.0,1781615256
469368899,Google Ads,Paid Ads,Paint Protection Film (PPF),New Lead,,0.0,0.0,1781614730
469365099,Meta Ads,Paid Ads,Express Wash,New Lead,,0.0,0.0,1781614181
469364967,Meta Ads,Paid Ads,Express Wash,New Lead,,0.0,0.0,1781614159
469305891,Google Ads,Paid Ads,Paint Protection Film (PPF),New Lead,,0.0,0.0,1781608724
469156108,Google Ads,Paid Ads,Paint Protection Film (PPF),Bad Lead,,0.0,0.0,1781587603
466957273,Google Ads,Paid Ads,Paint Protection Film (PPF),New Lead,,0.0,0.0,1781264942
466432604,Meta Ads,Paid Ads,Tinting,,,0.0,0.0,1781186173
464811871,Google Ads,Paid Ads,Paint Protection Film (PPF),,,0.0,0.0,1780997294
464116326,Google Ads,Paid Ads,Paint Protection Film (PPF),New Lead,,0.0,0.0,1780904822
463565570,Google Ads,Paid Ads,Paint Protection Film (PPF),New Lead,,0.0,0.0,1780802485
